3314817068	<title>Steam Workshop
3351518711	<title>Steam Workshop
3384917248	<title>Steam Workshop
3385876909	Christmas Tree
3386936607	Plain
3404843025	Sprite 500 - RCS
3406025722	Steam Community :: Error
3406490327	Magic Carpet
3409663016	Spider Mining Rover
3410883996	Radius 5 propellor with 5 blades
3417786605	BionicDolphin
3481322297	Classic American Semi Truck
3518436870	RCS Infinity
3812927875	RCS Infinity
3251580044	Beginner's Mining Helicopter
3270802273	Color ore scanner
3272419455	Water-Powered Amphibious Car
3278621686	Icarus Inc. Auto Crafter
3278744757	Automatic Crafter
3281212435	Code Wizard - tutorials and code function library
3284539247	"GETEM" SSTO
3285660336	Cargo Plane
3288012440	Space Invaders
3290177994	UFO (Admin/Test Vehicle)
3294879498	Mini Base
3294880085	Just-Plane-Easy
3298465282	C-130
3308603448	Dorito SSTO
3309955432	United Airlines Airliner
3314817068
3322048134	The Quad - Autopilot
3332349780	Falchion MKI
3332465933	A400M Atlas
3332487383	Stiletto MKI
3353727171	BHCP 302
3371634039	P-38 Lightning
3382439824	CH1-MNR
3384917248
3403011843	Cyclops - Subnautica
3406025722
3417173321	Exploration Zepplin
3626874896	Boom Box
3627450515	Infinite Source/Sink
